Sector,Symbol,Name,Price,Exchange
Agriculture,AGC,Công ty Cổ phần Cà phê An Giang,0.9,HNX
Agriculture,BLF,Công ty Cổ phần Thủy sản Bạc Liêu,3.2,HNX
Agriculture,CAP,Công ty Cổ phần Lâm Nông sản Thực phẩm Yên Bái,62.8,HNX
Agriculture,CPC,Công ty Cổ phần Thuốc sát trùng Cần Thơ,18,HNX
Agriculture,CTP,Công ty Cổ phần Minh Khang Capital Trading Public,6,HNX
Agriculture,FTV,Công ty Cổ phần Công nghiệp Ngũ Kim Fortress,,HNX
Agriculture,GFC,Công ty Cổ phần Thủy sản Gentraco,6.2,HNX
Agriculture,HKB,Công ty Cổ phần Nông nghiệp và Thực phẩm Hà Nội - Kinh Bắc,0.8,HNX
Agriculture,HKT,Công ty Cổ phần Đầu tư EGO Việt Nam,7.5,HNX
Agriculture,KHS,Công ty Cổ phần Kiên Hùng,14.6,HNX
Agriculture,KTS,Công ty cổ phần Đường Kon Tum,19.5,HNX
Agriculture,LAS,Công ty cổ phần Supe Phốt phát và Hóa chất Lâm Thao,10.9,HNX
Agriculture,MKV,Công ty Cổ phần Dược Thú y Cai Lậy,34,HNX
Agriculture,NFC,Công ty Cổ phần Phân lân Ninh Bình,7.9,HNX
Agriculture,NGC,Công ty Cổ phần Chế biến Thủy sản Xuất khẩu Ngô Quyền,4.3,HNX
Agriculture,PCE,Công ty cổ phần Phân bón và Hóa chất Dầu khí Miền Trung,11,HNX
Agriculture,PMB,Công ty cổ phần Phân bón và Hóa chất Dầu khí Miền Bắc,8.2,HNX
Agriculture,PSE,Công ty cổ phần Phân bón và Hóa chất Dầu khí Đông Nam Bộ,8.2,HNX
Agriculture,PSW,Công ty cổ phần Phân bón và Hóa chất Dầu khí Tây Nam Bộ,9.6,HNX
Agriculture,SFN,Công ty Cổ phần Dệt lưới Sài Gòn,22.1,HNX
Agriculture,SJ1,Công ty cổ phần Nông nghiệp Hùng Hậu,17.2,HNX
Agriculture,SLS,Công ty cổ phần Mía đường Sơn La,125.6,HNX
Agriculture,TAR,Công ty Cổ phần Nông nghiệp Công nghệ cao Trung An,23.7,HNX
Agriculture,THV,Công ty Cổ phần Tập đoàn Thái Hòa Việt Nam,0.4,HNX
Communication,GLT,Công ty cổ phần Kỹ thuật điện Toàn Cầu,20.5,HNX
Communication,NIS,Công ty Cổ phần Dịch vụ Hạ tầng mạng,9.9,HNX
Consumer Goods,ATS,Công ty cổ phần Suất ăn công nghiệp Atesco,34,HNX
Consumer Goods,BCF,Công ty Cổ phần Thực phẩm Bích Chi,40.9,HNX
Consumer Goods,CAN,Công ty Cổ phần Đồ hộp Hạ Long,25.7,HNX
Consumer Goods,HAD,Công ty Cổ phần Bia Hà Nội - Hải Dương,19.4,HNX
Consumer Goods,HAT,Công ty Cổ phần Thương mại Bia Hà Nội,22.5,HNX
Consumer Goods,HHC,Công ty Cổ phần Bánh kẹo Hải Hà,99.9,HNX
Consumer Goods,HNM,Công ty Cổ phần Sữa Hà Nội,,HNX
Consumer Goods,KSD,Công ty cổ phần Đầu tư DNA,5,HNX
Consumer Goods,MHL,Công ty Cổ phần Minh Hữu Liên,4,HNX
Consumer Goods,MPT,Công ty cổ phần Tập đoàn Trường Tiền,2.8,HNX
Consumer Goods,NAG,Công ty cổ phần Tập đoàn Nagakawa,6.6,HNX
Consumer Goods,NET,Công ty Cổ phần Bột giặt Net,59.9,HNX
Consumer Goods,NST,Công ty Cổ phần Ngân Sơn,8.8,HNX
Consumer Goods,SAF,Công ty Cổ phần Lương thực Thực phẩm Safoco,54.5,HNX
Consumer Goods,SGC,Công ty Cổ phần Xuất nhập khẩu Sa Giang,92,HNX
Consumer Goods,TDT,Công ty cổ phần Đầu tư và Phát triển TDT,15,HNX
Consumer Goods,TFC,Công ty Cổ phần Trang,6.5,HNX
Consumer Goods,THB,Công ty cổ phần Bia Hà Nội - Thanh Hóa,9.8,HNX
Consumer Goods,TNG,Công ty Cổ phần Đầu tư và Thương mại TNG,24.5,HNX
Consumer Goods,TTH,Công ty cổ phần Thương mại và Dịch vụ Tiến Thành,2.5,HNX
Consumer Goods,VDL,Công ty Cổ phần Thực phẩm Lâm Đồng,25.6,HNX
Consumer Goods,VTJ,Công ty cổ phần Thương mại và Đầu tư Vinataba,4.2,HNX
Consumer Goods,VTL,Công ty Cổ phần Vang Thăng Long,15.3,HNX
Energy,CLM,CTCP Xuất nhập khẩu Than - Vinacomin,26,HNX
Energy,DDG,Công ty cổ phần Đầu tư Công nghiệp Xuất nhập khẩu Đông Dương,31.6,HNX
Energy,DHP,Công ty Cổ phần Điện Cơ Hải Phòng,10.2,HNX
Energy,DTK,Tổng công ty Điện lực TKV - CTCP,12.3,HNX
Energy,EBA,Công ty Cổ phần Điện Bắc Nà,9.6,HNX
Energy,HJS,Công ty Cổ phần Thủy điện Nậm Mu,35,HNX
Energy,HLC,CTCP Than Hà Lầm - Vinacomin,9.1,HNX
Energy,HPM,CTCP Xây dựng Thương mại và Khoáng sản Hoàng Phúc,12.9,HNX
Energy,MDC,Công ty cổ phần Than Mông Dương - Vinacomin,7.2,HNX
Energy,NBC,Công ty cổ phần Than Núi Béo – Vinacomin,7.5,HNX
Energy,NBP,Công ty Cổ phần Nhiệt điện Ninh Bình,13.3,HNX
Energy,NLC,Công ty Cổ phần Thủy điện Nà Lơi,,HNX
Energy,NTH,Công ty Cổ phần thủy điện Nước Trong,31.5,HNX
Energy,PCG,Công ty Cổ phần Đầu tư và Phát triển Gas Đô Thị,5.6,HNX
Energy,PGS,Công ty Cổ phần Kinh doanh Khí Miền Nam,21.8,HNX
Energy,PIC,Công ty cổ phần Đầu tư Điện lực 3,11.7,HNX
Energy,PJC,Công ty Cổ phần Thương mại và Vận tải Petrolimex Hà Nội,25,HNX
Energy,PPY,Công ty cổ phần Xăng dầu Dầu khí Phú Yên,14.5,HNX
Energy,PSC,Công ty cổ phần Vận tải và Dịch vụ Petrolimex Sài Gòn,15,HNX
Energy,PTS,Công ty Cổ phần Vận tải và Dịch vụ Petrolimex Hải Phòng,10,HNX
Energy,PVG,Công ty Cổ phần Kinh doanh LPG Việt Nam,10.7,HNX
Energy,PVS,Tổng Công ty Cổ phần Dịch vụ Kỹ thuật Dầu khí Việt Nam,24.2,HNX
Energy,RHC,Công ty Cổ phần Thủy điện Ry Ninh II,19.8,HNX
Energy,SEB,Công ty Cổ phần Đầu tư và Phát triển Điện miền Trung,47,HNX
Energy,SHE,Công ty Cổ phần Phát triển năng lượng Sơn Hà,19.1,HNX
Energy,TC6,Công ty cổ phần Than Cọc Sáu - Vinacomin,4.6,HNX
Energy,TCS,Công ty Cổ phần Than Cao Sơn - TKV,7.9,HNX
Energy,TDN,Công ty Cổ phần Than Đèo Nai - Vinacomin,8.1,HNX
Energy,THT,Công ty cổ phần Than Hà Tu - Vinacomin,8.5,HNX
Energy,TMB,Công ty Cổ phần Kinh doanh than Miền Bắc - Vinacomin,15.5,HNX
Energy,TVD,Công ty cổ phần Than Vàng Danh - Vinacomin,8,HNX
Finance,API,Công ty Cổ phần Đầu tư Châu Á - Thái Bình Dương,24,HNX
Finance,APS,Công ty Cổ phần Chứng khoán Châu Á – Thái Bình Dương,8.8,HNX
Finance,ART,Công ty Cổ phần Chứng khoán BOS,5.9,HNX
Finance,AVS,Công ty Cổ phần Chứng khoán Âu Việt,6.2,HNX
Finance,BAB,Ngân hàng Thương mại cổ phần Bắc Á,33.3,HNX
Finance,BVS,Công ty Cổ phần Chứng khoán Bảo Việt,23.4,HNX
Finance,E1SSHN30,Chứng chỉ quỹ ETF SSIAM-HNX30,10,HNX
Finance,EVS,Công ty cổ phần Chứng khoán Everest,13.5,HNX
Finance,GBS,Công ty Cổ phần Chứng khoán Golden Bridge Việt Nam,1.1,HNX
Finance,HBB,Ngân hàng Thương mại Cổ phần Nhà Hà Nội,5.2,HNX
Finance,HBS,Công ty Cổ phần Chứng khoán Hòa Bình,6,HNX
Finance,HPC,Công ty Cổ phần Chứng khoán Hải Phòng,2.8,HNX
Finance,IVS,Công ty cổ phần Chứng khoán Đầu tư Việt Nam,8.7,HNX
Finance,KLS,Công ty Cổ phần Chứng khoán Kim Long,11,HNX
Finance,MBS,Công ty cổ phần Chứng khoán MB,23.7,HNX
Finance,NVB,Ngân hàng Thương mại cổ phần Quốc Dân,15,HNX
Finance,PRE,Tổng Công ty Cổ phần Tái bảo hiểm PVI,17.4,HNX
Finance,PSI,Công ty cổ phần Chứng khoán Dầu khí,7.5,HNX
Finance,PTI,Tổng Công ty Cổ phần Bảo hiểm Bưu điện,25.4,HNX
Finance,SHB,Ngân hàng Thương mại cổ phần Sài Gòn - Hà Nội,17.7,HNX
Finance,SHN,Công ty Cổ phần Đầu tư Tổng hợp Hà Nội,9,HNX
Finance,SHS,Công ty Cổ phần Chứng Khoán Sài Gòn Hà Nội,27.9,HNX
Finance,SME,Công ty Cổ phần Chứng khoán SME,0.3,HNX
Finance,SVS,Công ty Cổ phần Chứng khoán Sao Việt,3.6,HNX
Finance,TAS,Công ty Cổ phần Chứng khoán Tràng An,0.9,HNX
Finance,TIG,Công ty Cổ phần Tập đoàn Đầu tư Thăng Long,9.4,HNX
Finance,TVC,Công ty cổ phần Tập đoàn Quản lý Tài sản Trí Việt,12.3,HNX
Finance,VIG,Công ty Cổ phần Chứng khoán Thương mại và Công nghiệp Việt Nam,5,HNX
Finance,VNR,Tổng Công ty Cổ phần Tái bảo hiểm quốc gia Việt Nam,22.9,HNX
Finance,WSS,Công ty Cổ phần Chứng khoán Phố Wall,6.3,HNX
Healthcare,AMV,CTCP Sản xuất Kinh doanh Dược và Trang thiết bị Y tế Việt Mỹ,12.5,HNX
Healthcare,DHT,Công ty Cổ phần Dược phẩm Hà Tây,52.9,HNX
Healthcare,DNM,Tổng Công ty cổ phần Y tế Danameco,37.4,HNX
Healthcare,DP3,Công ty Cổ phần Dược phẩm Trung ương 3,139.9,HNX
Healthcare,LDP,Công ty Cổ phần Dược Lâm Đồng - Ladophar,10.2,HNX
Healthcare,MED,Công ty cổ phần Dược Trung ương Mediplantex,40,HNX
Healthcare,PMC,Công ty Cổ phần Dược phẩm Dược liệu Pharmedic,68,HNX
Healthcare,PPP,Công ty Cổ phần Dược phẩm Phong Phú,13.8,HNX
Industrials,CAG,Công ty Cổ phần Cảng An Giang,17,HNX
Industrials,CDN,Công ty cổ phần Cảng Đà Nẵng,30,HNX
Industrials,CIA,Công ty Cổ phần Dịch vụ Sân bay Quốc tế Cam Ranh,14,HNX
Industrials,CJC,Công ty Cổ phần Cơ điện Miền Trung,22.9,HNX
Industrials,CMC,Công ty Cổ phần Đầu tư CMC,6.7,HNX
Industrials,CTB,Công ty Cổ phần Chế tạo Bơm Hải Dương,28.5,HNX
Industrials,CTT,CTCP Chế tạo máy Vinacomin,10.8,HNX
Industrials,DHL,Công ty cổ phần Cơ khí Vận tải Thương mại Đại Hưng,2.8,HNX
Industrials,DL1,CTCP Tập đoàn năng lượng tái tạo Việt Nam,13.4,HNX
Industrials,DXP,Công ty cổ phần Cảng Đoạn Xá,17.6,HNX
Industrials,DZM,Công ty Cổ phần Cơ điện Dzĩ An,6.2,HNX
Industrials,GMA,Công ty Cổ phần Enteco Việt Nam,40,HNX
Industrials,HCT,Công ty Cổ phần Thương mại Dịch vụ Vận tải Xi măng Hải Phòng,16,HNX
Industrials,HHG,Công ty Cổ phần Hoàng Hà,2.5,HNX
Industrials,HMH,Công ty Cổ phần Hải Minh,11.3,HNX
Industrials,ITQ,Công ty cổ phần Tập đoàn Thiên Quang,3.7,HNX
Industrials,KVC,CTCP Sản xuất Xuất nhập khẩu Inox Kim Vĩ,2.8,HNX
Industrials,MAC,Công ty Cổ phần Cung ứng và Dịch vụ Kỹ thuật Hàng Hải,5.9,HNX
Industrials,MAS,Công ty cổ phần Dịch vụ Hàng không Sân bay Đà Nẵng,39,HNX
Industrials,MCF,CTCP Xây lắp Cơ khí và Lương thực Thực phẩm,10.8,HNX
Industrials,MNC,Công ty Cổ phần Tập đoàn Mai Linh Miền Trung,3.9,HNX
Industrials,NAP,Công ty cổ phần Cảng Nghệ Tĩnh,8,HNX
Industrials,PCT,Công ty cổ phần Vận tải khí và hóa chất Việt Nam,6.7,HNX
Industrials,PGT,Công ty Cổ phần PGT Holdings,8.4,HNX
Industrials,PHN,Công ty Cổ phần Pin Hà Nội,34,HNX
Industrials,PHP,Công ty cổ phần Cảng Hải Phòng,17.1,HNX
Industrials,PMS,Công ty Cổ phần Cơ khí Xăng dầu,18.2,HNX
Industrials,PPS,Công ty Cổ phần Dịch vụ Kỹ thuật Điện lực Dầu khí Việt Nam,9.1,HNX
Industrials,PRC,Công ty Cổ phần Logistics Portserco,13.2,HNX
Industrials,PVB,Công ty cổ phần Bọc ống Dầu khí Việt Nam,19.8,HNX
Industrials,SPI,Công ty cổ phần SPI,9.5,HNX
Industrials,SSM,Công ty Cổ phần Chế tạo Kết cấu Thép VNECO.SSM,7.7,HNX
Industrials,TJC,Công ty cổ phần Dịch vụ Vận tải và Thương mại,11.4,HNX
Industrials,TSB,Công ty Cổ phần Ắc quy Tia sáng,9.6,HNX
Industrials,VCV,Công ty Cổ phần Vận tải Vinaconex,1.2,HNX
Industrials,VGP,Công ty Cổ phần Cảng Rau quả,26.6,HNX
Industrials,VMI,Công ty Cổ phần Khoáng sản và Đầu tư VISACO,0.6,HNX
Industrials,VMS,CTCP Phát triển Hàng hải,9.1,HNX
Industrials,VNF,Công ty cổ phần Vinafreight,17,HNX
Industrials,VNT,Công ty cổ phần Giao nhận Vận tải Ngoại thương,72.1,HNX
Industrials,VSA,Công ty cổ phần Đại lý Hàng hải Việt Nam,20,HNX
Industrials,WCS,Công ty Cổ phần Bến xe Miền Tây,221.4,HNX
Materials,ACM,CTCP Tập đoàn Khoáng sản Á Cường,1.8,HNX
Materials,AMC,Công ty cổ phần Khoáng sản Á Châu,22,HNX
Materials,APP,Công ty Cổ phần Phát triển Phụ gia và Sản phẩm Dầu mỏ,8.6,HNX
Materials,BBS,Công ty cổ phần VICEM Bao bì Bút Sơn,11.2,HNX
Materials,BKC,Công ty Cổ phần Khoáng sản Bắc Kạn,5.2,HNX
Materials,BPC,Công ty cổ phần Vicem Bao bì Bỉm Sơn,12.9,HNX
Materials,BXH,Công ty cổ phần VICEM Bao bì Hải Phòng,12,HNX
Materials,CTX,Tổng Công ty Cổ phần Đầu tư Xây dựng và Thương mại Việt Nam,8.2,HNX
Materials,DGL,CTCP Hóa chất Đức Giang – Lào Cai,40,HNX
Materials,GHA,Công ty Cổ phần HAPACO Hải Âu,6.5,HNX
Materials,HDA,Công ty Cổ phần Hãng sơn Đông Á,9.8,HNX
Materials,HGM,Công ty cổ phần Cơ khí và Khoáng sản Hà Giang,37.4,HNX
Materials,HVT,Công ty Cổ phần Hóa chất Việt Trì,36,HNX
Materials,INN,Công ty Cổ phần Bao bì và In Nông nghiệp,30.5,HNX
Materials,KSQ,Công ty cổ phần CNC Capital Việt Nam,2.7,HNX
Materials,MIH,Công ty Cổ phần Xuất nhập khẩu Khoáng sản Hà Nam,5.4,HNX
Materials,MIM,Công ty Cổ phần Khoáng sản và Cơ khí,5.4,HNX
Materials,MVB,Tổng công ty Công nghiệp mỏ Việt Bắc TKV - CTCP,14.9,HNX
Materials,NHP,Công ty Cổ phần Sản xuất Xuất nhập khẩu NHP,0.6,HNX
Materials,PBP,Công ty cổ phần Bao bì Dầu khí Việt Nam,10,HNX
Materials,PGN,Công ty Cổ phần Phụ gia Nhựa,15.9,HNX
Materials,PLC,Tổng Công ty Hóa dầu Petrolimex-CTCP,30.2,HNX
Materials,PMP,Công ty cổ phần Bao bì Đạm Phú Mỹ,10.7,HNX
Materials,PVC,Tổng Công ty Hóa chất và Dịch vụ Dầu khí - CTCP,11.2,HNX
Materials,QHD,Công ty Cổ phần Que hàn điện Việt Đức,28,HNX
Materials,SDN,Công ty Cổ phần Sơn Đồng Nai,34,HNX
Materials,STP,Công ty Cổ phần Công nghiệp Thương mại Sông Đà,8,HNX
Materials,TET,Công ty Cổ phần Vải sợi May mặc Miền Bắc,29.9,HNX
Materials,TPP,Công ty Cổ phần Nhựa Tân Phú,12.1,HNX
Materials,VBC,Công ty Cổ phần Nhựa Bao bì Vinh,22,HNX
Materials,VGS,Công ty Cổ phần Ống thép Việt Đức VG PIPE,18.9,HNX
Materials,VIF,Tổng Công ty Lâm nghiệp Việt Nam - CTCP,17.7,HNX
Materials,YSC,Công ty Cổ phần Hapaco Yên Sơn,6.3,HNX
Real Estate and Construction,AAV,Công ty Cổ phần Việt Tiên Sơn Địa ốc,15.1,HNX
Real Estate and Construction,AME,Công ty Cổ phần Alphanam E&C,7.9,HNX
Real Estate and Construction,BAX,Công ty Cổ phần Thống Nhất,77.8,HNX
Real Estate and Construction,BCC,Công ty Cổ phần Xi măng Bỉm Sơn,11.3,HNX
Real Estate and Construction,BII,Công ty cổ phần Đầu tư và Phát triển Công nghiệp Bảo Thư,6.7,HNX
Real Estate and Construction,BTS,Công ty cổ phần Xi măng Vicem Bút Sơn,5.5,HNX
Real Estate and Construction,C69,Công ty Cổ phần Xây dựng 1369,15,HNX
Real Estate and Construction,C92,Công ty Cổ phần Xây dựng và Đầu tư 492,6.6,HNX
Real Estate and Construction,CEO,Công ty Cổ phần Tập đoàn C.E.O,12,HNX
Real Estate and Construction,CIC,Công ty Cổ phần Đầu tư và Xây dựng COTEC,1.8,HNX
Real Estate and Construction,CLH,Công ty cổ phần Xi măng La Hiên VVMI,20.7,HNX
Real Estate and Construction,CSC,Công ty Cổ phần Tập đoàn COTANA,33.9,HNX
Real Estate and Construction,CTM,Công ty Cổ phần Đầu tư Xây dựng và Khai thác mỏ Vinavico,1.4,HNX
Real Estate and Construction,CVN,Công ty cổ phần Vinam,10.4,HNX
Real Estate and Construction,CX8,Công ty cổ phần Đầu tư và Xây lắp Constrexim số 8,7.8,HNX
Real Estate and Construction,D11,Công ty Cổ phần Địa ốc 11,26.6,HNX
Real Estate and Construction,DC2,Công ty Cổ phần Đầu tư Phát triển - Xây dựng số 2,13.1,HNX
Real Estate and Construction,DIH,Công ty Cổ phần Đầu tư Phát triển Xây dựng - Hội An,13.1,HNX
Real Estate and Construction,DNC,Công ty Cổ phần Điện nước Lắp máy Hải Phòng,45.3,HNX
Real Estate and Construction,DNP,Công ty Cổ phần Nhựa Đồng Nai,25,HNX
Real Estate and Construction,DPC,Công ty Cổ phần Nhựa Đà Nẵng,16.2,HNX
Real Estate and Construction,DPS,Công ty cổ phần Đầu tư Phát triển Sóc Sơn,0.3,HNX
Real Estate and Construction,DTD,Công ty Cổ phần Đầu tư phát triển Thành Đạt,35.2,HNX
Real Estate and Construction,GKM,Công ty Cổ phần Khang Minh Group,16,HNX
Real Estate and Construction,GMX,Công ty cổ phần Gạch Ngói Gốm Xây dựng Mỹ Xuân,26,HNX
Real Estate and Construction,HCC,Công ty Cổ phần Bê tông Hoà Cầm - Intimex,10.3,HNX
Real Estate and Construction,HHL,Công ty Cổ phần Hồng Hà Long An,0.9,HNX
Real Estate and Construction,HLD,Công ty Cổ phần Đầu tư và Phát triển Bất động sản HUDLAND,30.4,HNX
Real Estate and Construction,HLY,Công ty Cổ phần Viglacera Hạ Long I,13,HNX
Real Estate and Construction,HOM,Công ty cổ phần Xi măng VICEM Hoàng Mai,5.1,HNX
Real Estate and Construction,HPR,Công ty Cổ phần Đầu tư Xây dựng Hồng Phát,10.8,HNX
Real Estate and Construction,HPS,Công ty Cổ phần Đá Xây dựng Hoà Phát,7,HNX
Real Estate and Construction,HTB,Công ty Cổ phần Xây dựng Huy Thắng,21.3,HNX
Real Estate and Construction,HUT,Công ty Cổ phần Tasco,6.1,HNX
Real Estate and Construction,ICG,Công ty Cổ phần Xây dựng Sông Hồng,8.4,HNX
Real Estate and Construction,IDC,Tổng công ty IDICO - Công ty Cổ phần,37.3,HNX
Real Estate and Construction,IDJ,Công ty cổ phần đầu tư IDJ Việt Nam,17.5,HNX
Real Estate and Construction,IDV,Công ty Cổ phần Phát triển Hạ tầng Vĩnh Phúc,72.8,HNX
Real Estate and Construction,INC,Công ty Cổ phần Tư vấn Đầu tư IDICO,10.6,HNX
Real Estate and Construction,KBT,Công ty Cổ phần Gạch ngói Kiên Giang,6.1,HNX
Real Estate and Construction,KKC,Công ty Cổ phần Kim khí KKC,14.3,HNX
Real Estate and Construction,KMT,Công ty cổ phần Kim khí miền Trung,8.2,HNX
Real Estate and Construction,KTT,Công ty cổ phần Tập đoàn đầu tư KTT,8.9,HNX
Real Estate and Construction,L14,Công ty cổ phần LICOGI 14,84,HNX
Real Estate and Construction,L18,Công ty Cổ phần Đầu tư và Xây dựng số 18,8.1,HNX
Real Estate and Construction,L35,Công ty Cổ phần Cơ khí Lắp máy Lilama,6.7,HNX
Real Estate and Construction,L43,Công ty Cổ phần Lilama 45.3,7.5,HNX
Real Estate and Construction,L61,Công ty Cổ phần Lilama 69-1,7.5,HNX
Real Estate and Construction,L62,Công ty Cổ phần Lilama 69-2,9.9,HNX
Real Estate and Construction,LCD,Công ty Cổ phần Lắp máy - Thí nghiệm Cơ điện,6.8,HNX
Real Estate and Construction,LCS,Công ty Cổ phần Licogi 166,3.2,HNX
Real Estate and Construction,LHC,Công ty Cổ phần Đầu tư và Xây dựng Thủy lợi Lâm Đồng,82.6,HNX
Real Estate and Construction,LIG,Công ty Cổ phần Licogi 13,8,HNX
Real Estate and Construction,LM7,Công ty Cổ phần Lilama 7,4.9,HNX
Real Estate and Construction,LO5,Công ty Cổ phần Lilama 5,1.6,HNX
Real Estate and Construction,LUT,Công ty Cổ phần Đầu tư Xây dựng Lương Tài,6,HNX
Real Estate and Construction,MAX,Công ty Cổ phần Khai khoáng và Cơ khí Hữu nghị Vĩnh Sinh,2.9,HNX
Real Estate and Construction,MCC,Công ty Cổ phần Gạch ngói cao cấp,12.5,HNX
Real Estate and Construction,MCL,Công ty Cổ phần Phát triển Nhà và Sản xuất Vật liệu xây dựng Chí Linh,1,HNX
Real Estate and Construction,MCO,Công ty Cổ phần Đầu tư và Xây dựng BDC Việt Nam,2.8,HNX
Real Estate and Construction,NDN,Công ty Cổ phần Đầu tư Phát triển Nhà Đà Nẵng,25.3,HNX
Real Estate and Construction,NDX,Công ty Cổ phần Xây lắp Phát triển Nhà Đà Nẵng,8.4,HNX
Real Estate and Construction,NHC,Công ty Cổ phần Gạch Ngói Nhị Hiệp,31.5,HNX
Real Estate and Construction,NRC,Công ty Cổ phần Tập đoàn Danh Khôi,26.9,HNX
Real Estate and Construction,NSN,Công ty Cổ phần Xây dựng 565,2.5,HNX
Real Estate and Construction,NTP,Công ty Cổ phần Nhựa Thiếu niên Tiền Phong,36.6,HNX
Real Estate and Construction,NVC,Công ty Cổ phần Nam Vang,1,HNX
Real Estate and Construction,OCH,Công ty Cổ phần Khách sạn và Dịch vụ OCH,8,HNX
Real Estate and Construction,PDB,Công ty Cổ phần Vật liệu xây dựng Dufago,8.6,HNX
Real Estate and Construction,PEN,Công ty cổ phần Xây lắp III Petrolimex,7,HNX
Real Estate and Construction,PPE,Công ty cổ phần Tư vấn Điện lực Dầu khí Việt Nam,9.7,HNX
Real Estate and Construction,PTD,CTCP Thiết kế - Xây dựng - Thương mại Phúc Thịnh,17.2,HNX
Real Estate and Construction,PV2,Công ty cổ phần Đầu tư PV2,3.6,HNX
Real Estate and Construction,PVL,Công ty cổ phần Đầu tư Nhà đất Việt,2.7,HNX
Real Estate and Construction,QTC,Công ty Cổ phần Công trình Giao thông Vận tải Quảng Nam,16.1,HNX
Real Estate and Construction,RCL,Công ty Cổ phần Địa ốc Chợ Lớn,18,HNX
Real Estate and Construction,S55,Công ty Cổ phần Sông Đà 505,37,HNX
Real Estate and Construction,S64,Công ty Cổ phần Sông Đà 6.04,6.3,HNX
Real Estate and Construction,S74,Công ty Cổ phần Sông Đà 7.04,5.2,HNX
Real Estate and Construction,S91,Công ty Cổ phần Sông Đà 9.01,12.8,HNX
Real Estate and Construction,S99,Công ty Cổ phần SCI,31.3,HNX
Real Estate and Construction,SCI,Công ty Cổ phần SCI E&C,62.1,HNX
Real Estate and Construction,SD2,Công ty Cổ phần Sông Đà 2,5.9,HNX
Real Estate and Construction,SD4,Công ty Cổ phần Sông Đà 4,5.5,HNX
Real Estate and Construction,SD5,Công ty Cổ phần Sông Đà 5,8.9,HNX
Real Estate and Construction,SD6,Công ty Cổ phần Sông Đà 6,4.3,HNX
Real Estate and Construction,SD9,Công ty Cổ phần Sông Đà 9,7.8,HNX
Real Estate and Construction,SDC,Công ty Cổ phần Tư vấn Sông Đà,11.6,HNX
Real Estate and Construction,SDG,Công ty Cổ phần Sadico Cần Thơ,46,HNX
Real Estate and Construction,SDS,Công ty Cổ phần Xây lắp và Đầu tư Sông Đà,4.1,HNX
Real Estate and Construction,SDT,Công ty Cổ phần Sông Đà 10,6.3,HNX
Real Estate and Construction,SDU,Công ty Cổ phần Đầu tư Xây dựng và Phát triển Đô thị Sông Đà,6.8,HNX
Real Estate and Construction,SEL,Công ty Cổ phần Sông Đà 11 Thăng Long,12.2,HNX
Real Estate and Construction,SIC,Công ty cổ phần ANI,14.6,HNX
Real Estate and Construction,SJC,Công ty Cổ phần Sông Đà 1.01,1.4,HNX
Real Estate and Construction,SJE,Công ty Cổ phần Sông Đà 11,17.5,HNX
Real Estate and Construction,SKS,Công ty cổ phần Công trình Giao thông Sông Đà,9.8,HNX
Real Estate and Construction,SNG,Công ty TNHH MTV Sông Đà 10.1,19.5,HNX
Real Estate and Construction,SSS,Công ty Cổ phần Sông Đà 6.06,4,HNX
Real Estate and Construction,SVN,Công ty cổ phần Tập đoàn Vexilla Việt Nam,3.7,HNX
Real Estate and Construction,TA9,Công ty Cổ phần Xây lắp Thành An 96,12.4,HNX
Real Estate and Construction,TBX,Công ty Cổ phần Xi măng Thái Bình,22.3,HNX
Real Estate and Construction,THD,Công ty Cổ phần Thaiholdings,202.8,HNX
Real Estate and Construction,THS,Công ty cổ phần Thanh Hoa - Sông Đà,7.2,HNX
Real Estate and Construction,TKC,Công ty Cổ phần Xây dựng và Kinh doanh Địa ốc Tân Kỷ,7.2,HNX
Real Estate and Construction,TKU,Công ty Cổ phần Công nghiệp Tung Kuang,14,HNX
Real Estate and Construction,TSM,Công ty Cổ phần Xi măng Tiên Sơn Hà Tây,2.5,HNX
Real Estate and Construction,TTC,Công ty Cổ phần Gạch men Thanh Thanh,15.1,HNX
Real Estate and Construction,TTL,Tổng Công ty Thăng Long - CTCP,8.1,HNX
Real Estate and Construction,TTZ,Công ty cổ phần Đầu tư Xây dựng và Công nghệ Tiến Trung,3,HNX
Real Estate and Construction,TV3,Công ty Cổ phần Tư vấn Xây dựng Điện 3,24.1,HNX
Real Estate and Construction,TV4,Công ty Cổ phần Tư vấn Xây dựng Điện 4,15.1,HNX
Real Estate and Construction,TXM,Công ty cổ phần VICEM Thạch cao Xi măng,5,HNX
Real Estate and Construction,V12,Công ty Cổ phần Xây dựng số 12,10.5,HNX
Real Estate and Construction,V21,Công ty Cổ phần VINACONEX 21,5.2,HNX
Real Estate and Construction,VC1,Công ty Cổ phần Xây dựng số 1,9.9,HNX
Real Estate and Construction,VC2,Công ty Cổ phần Đầu tư và Xây dựng Vina2,11.6,HNX
Real Estate and Construction,VC3,Công ty Cổ phần Tập đoàn Nam Mê Kông,16.9,HNX
Real Estate and Construction,VC6,Công ty Cổ phần Xây dựng và Đầu tư Visicons,7.8,HNX
Real Estate and Construction,VC7,Công ty Cổ phần Tập đoàn BGI,11.7,HNX
Real Estate and Construction,VC9,Công ty Cổ phần Xây dựng số 9,5.2,HNX
Real Estate and Construction,VCC,Công ty Cổ phần Vinaconex 25,12.1,HNX
Real Estate and Construction,VCH,Công ty Cổ phần Đầu tư và Phát triển Hạ tầng Vinaconex,0.9,HNX
Real Estate and Construction,VCS,Công ty cổ phần VICOSTONE,91,HNX
Real Estate and Construction,VE1,Công ty Cổ phần Xây dựng điện VNECO 1,6.4,HNX
Real Estate and Construction,VE2,Công ty cổ phần Xây dựng điện VNECO 2,9.4,HNX
Real Estate and Construction,VE3,Công ty cổ phần Xây dựng điện VNECO 3,8.1,HNX
Real Estate and Construction,VE4,Công ty Cổ phần Xây dựng điện VNECO4,20.6,HNX
Real Estate and Construction,VE8,Công ty cổ phần Xây dựng điện VNECO 8,8,HNX
Real Estate and Construction,VHL,Công ty Cổ phần Viglacera Hạ Long,25.6,HNX
Real Estate and Construction,VIT,Công ty Cổ phần Viglacera Tiên Sơn,18.4,HNX
Real Estate and Construction,VMC,Công ty Cổ phần Vimeco,11.4,HNX
Real Estate and Construction,VTS,Công ty Cổ phần Viglacera Từ Sơn,15.3,HNX
Real Estate and Construction,VTV,Công ty Cổ phần Năng lượng và Môi trường VICEM,6.1,HNX
Real Estate and Construction,VXB,Công ty Cổ phần Vật liệu xây dựng Bến Tre,6.5,HNX
Service,ADC,Công ty Cổ phần Mĩ thuật và Truyền thông,24,HNX
Service,ALT,Công ty Cổ phần Văn hóa Tân Bình,12.2,HNX
Service,ARM,Công ty Cổ phần Xuất nhập khẩu Hàng không,32.9,HNX
Service,BDB,Công ty Cổ phần Sách và Thiết bị Bình Định,12.8,HNX
Service,BED,Công ty Cổ phần Sách và Thiết bị trường học Đà Nẵng,29,HNX
Service,BSC,Công ty Cổ phần Dịch vụ Bến Thành,15,HNX
Service,BST,Công ty Cổ phần Sách - Thiết bị Bình Thuận,17.6,HNX
Service,BTW,Công ty Cổ phần Cấp nước Bến Thành,39.2,HNX
Service,CKV,Công ty Cổ phần COKYVINA,13,HNX
Service,CMS,Công ty cổ phần Xây dựng và Nhân lực Việt Nam,3.9,HNX
Service,CTC,Công ty cổ phần Gia Lai CTC,2.9,HNX
Service,CTV,Công ty cổ phần Đầu tư-Sản xuất và Thương mại Việt Nam,3.3,HNX
Service,DAD,Công ty Cổ phần Đầu tư và Phát triển Giáo dục Đà Nẵng,18.3,HNX
Service,DAE,Công ty Cổ phần Sách Giáo dục tại Tp. Đà Nẵng,17.4,HNX
Service,DHI,Công ty cổ phần In Diên Hồng,5.6,HNX
Service,DS3,Công ty Cổ phần Quản lý Đường sông số 3,7.3,HNX
Service,DST,Công ty Cổ phần Đầu tư Sao Thăng Long,3.8,HNX
Service,EBS,Công ty Cổ phần Sách Giáo dục tại Tp.Hà Nội,10.2,HNX
Service,ECI,Công ty Cổ phần Bản đồ và Tranh ảnh Giáo dục,15.5,HNX
Service,EID,Công ty Cổ phần Đầu tư và Phát triển giáo dục Hà Nội,16.2,HNX
Service,FDT,Công ty cổ phần Fiditour,38.8,HNX
Service,FID,Công ty Cổ phần Đầu tư và Phát triển Doanh nghiệp Việt Nam,2.9,HNX
Service,GDW,Công ty Cổ phần Cấp nước Gia Định,26.9,HNX
Service,HBE,Công ty Cổ phần Sách - Thiết bị trường học Hà Tĩnh,7,HNX
Service,HEV,Công ty Cổ phần Sách Đại học - Dạy nghề,13.5,HNX
Service,HSC,Công ty Cổ phần Hacinco,179.4,HNX
Service,HST,Công ty cổ phần Phát hành Sách và Thiết bị Trường học Hưng Yên,6.4,HNX
Service,HTC,Công ty Cổ phần Thương mại Hóc Môn,32,HNX
Service,HTP,Công ty Cổ phần In sách giáo khoa Hòa Phát,18,HNX
Service,KLF,Công ty Cổ phần Đầu tư Thương mại và Xuất nhập khẩu CFS,3,HNX
Service,LBE,Công ty Cổ phần Sách và Thiết bị trường học Long An,38,HNX
Service,MSC,Công ty cổ phần Dịch vụ Phú Nhuận,15.1,HNX
Service,NBW,Công ty Cổ phần Cấp nước Nhà Bè,19.8,HNX
Service,PDC,Công ty cổ phần Du lịch Dầu khí Phương Đông,5,HNX
Service,PSD,Công ty cổ phần Dịch vụ Phân phối Tổng hợp Dầu khí,17.3,HNX
Service,PVI,Công ty Cổ phần PVI,32.9,HNX
Service,QST,Công ty Cổ phần Sách và Thiết bị trường học Quảng Ninh,11.5,HNX
Service,SDA,Công ty Cổ phần Simco Sông Đà,3.9,HNX
Service,SED,Công ty Cổ phần Đầu tư và Phát triển giáo dục Phương Nam,18,HNX
Service,SGD,Công ty cổ phần Sách Giáo dục tại T.P Hồ Chí Minh,9.9,HNX
Service,SGH,Công ty Cổ phần Khách sạn Sài Gòn,37,HNX
Service,SMN,Công ty Cổ phần Sách và Thiết bị Giáo dục Miền Nam,10.3,HNX
Service,STC,Công ty Cổ phần Sách và Thiết bị trường học Tp. Hồ Chí Minh,16.2,HNX
Service,TMC,Công ty Cổ phần Thương mại - Xuất nhập khẩu Thủ Đức,13,HNX
Service,TMX,Công ty cổ phần VICEM Thương mại Xi măng,17.5,HNX
Service,TPH,Công ty Cổ phần In Sách giáo khoa tại T.P Hà Nội,13.2,HNX
Service,TTT,Công ty Cổ phần Du lịch – Thương mại Tây Ninh,47.3,HNX
Service,VCM,Công ty Cổ phần Nhân lực và Thương mại Vinaconex,19,HNX
Service,VLA,Công ty Cổ phần Đầu tư và Phát triển Công nghệ Văn Lang,13.5,HNX
Service,VNC,Công ty Cổ phần Tập đoàn Vinacontrol,35,HNX
Service,VTH,Công ty Cổ phần Dây cáp điện Việt Thái,9.4,HNX
Technology,KST,Công ty cổ phần KASATI,21,HNX
Technology,MBG,Công ty cổ phần Tập đoàn MBG,7.4,HNX
Technology,ONE,Công ty Cổ phần Truyền thông số 1,6.7,HNX
Technology,PIA,Công ty cổ phần Tin học Viễn thông Petrolimex,30,HNX
Technology,POT,Công ty Cổ phần Thiết bị Bưu điện,15,HNX
Technology,SMT,Công ty cổ phần SAMETEL,9.9,HNX
Technology,SRA,Công ty Cổ phần Sara Việt Nam,9.5,HNX
Technology,TLC,Công ty Cổ phần Viễn thông Thăng Long,1.2,HNX
Technology,TST,Công ty Cổ phần Dịch vụ Kỹ thuật Viễn thông,10,HNX
Technology,UNI,Công ty Cổ phần Viễn Liên,12.3,HNX
Technology,VAT,Công ty Cổ phần VT Vạn Xuân,2.4,HNX
Technology,VIE,Công ty Cổ phần Công nghệ Viễn thông VITECO,4.2,HNX
Technology,VKC,Công ty cổ phần Cáp Nhựa Vĩnh Khánh,7.4,HNX
Technology,VTC,Công ty Cổ phần Viễn thông VTC,13.2,HNX
Agriculture,FMC,Công ty Cổ phần Thực phẩm Sao Ta,34.8,HSX
Agriculture,FBT,Công ty Cổ phần Xuất nhập khẩu Lâm Thủy sản Bến Tre,4.7,HSX
Agriculture,DPR,Công ty Cổ phần Cao su Đồng Phú,49.1,HSX
Agriculture,DPM,Tổng Công ty Phân bón và Hóa chất Dầu khí-CTCP,18.95,HSX
Agriculture,DCM,Công ty Cổ phần Phân bón Dầu khí Cà Mau,16.55,HSX
Agriculture,DBC,Công ty Cổ phần Tập đoàn Dabaco Việt Nam,58,HSX
Agriculture,DAT,Công ty Cổ phần Đầu tư Du lịch và Phát triển Thủy sản,27.2,HSX
Agriculture,CMX,Công ty Cổ phần Camimex Group,16.75,HSX
Agriculture,CLP,Công ty Cổ phần Thủy Sản Cửu Long,3.4,HSX
Agriculture,BHS,Công ty Cổ phần Đường Biên Hòa,22,HSX
Agriculture,BFC,Công ty cổ phần Phân bón Bình Điền,22.3,HSX
Agriculture,BAS,Công ty Cổ phần Basa,1.5,HSX
Agriculture,APC,Công ty Cổ phần Chiếu xạ An Phú,24.3,HSX
Agriculture,ANV,Công ty Cổ phần Nam Việt,23.25,HSX
Agriculture,AGM,Công ty cổ phần Xuất nhập khẩu An Giang,14.2,HSX
Agriculture,AGD,Công ty Cổ phần Gò Đàng,41.5,HSX
Agriculture,ACL,Công ty cổ phần Xuất nhập khẩu Thủy sản Cửu Long An Giang,13.8,HSX
Agriculture,ABT,Công ty Cổ phần Xuất nhập khẩu Thủy sản Bến Tre,32.2,HSX
Agriculture,ABS,Công ty cổ phần Dịch vụ Nông nghiệp Bình Thuận,37.5,HSX
Agriculture,AAM,Công ty Cổ phần Thủy sản Mekong,10.8,HSX
Communication,ICT,Công ty cổ phần Viễn thông - Tin học Bưu điện,22.3,HSX
Consumer Goods,VTB,Công ty Cổ phần Viettronics Tân Bình,12.7,HSX
Consumer Goods,VNM,Công ty Cổ phần Sữa Việt Nam,102.2,HSX
Consumer Goods,VCF,Công ty Cổ phần VinaCafé Biên Hòa,240,HSX
Consumer Goods,TVT,Tổng Công ty Việt Thắng - CTCP,27,HSX
Consumer Goods,TTF,Công ty Cổ phần Tập đoàn Kỹ nghệ Gỗ Trường Thành,6.18,HSX
Consumer Goods,TRI,Công ty Cổ phần Nước giải khát Sài Gòn,2.01,HSX
Consumer Goods,TLG,Công ty Cổ phần Tập đoàn Thiên Long,39.15,HSX
Consumer Goods,TCM,Công ty Cổ phần Dệt may - Đầu tư - Thương mại Thành Công,85.3,HSX
Consumer Goods,TAC,Công ty Cổ phần Dầu Thực vật Tường An,49,HSX
Consumer Goods,SVD,Công ty Cổ phần Đầu tư và Thương mại Vũ Đăng,16.35,HSX
Consumer Goods,STK,Công ty cổ phần Sợi Thế Kỷ,31,HSX
Consumer Goods,SMB,Công ty Cổ phần Bia Sài Gòn - Miền Trung,43.2,HSX
Consumer Goods,SHI,Công ty cổ phần Quốc tế Sơn Hà,12.25,HSX
Consumer Goods,SCD,Công ty Cổ phần Nước giải khát Chương Dương,24,HSX
Consumer Goods,SAV,Công ty Cổ phần Hợp tác kinh tế và Xuất nhập khẩu SAVIMEX,29.1,HSX
Consumer Goods,SAB,Tổng CTCP Bia - Rượu - Nước giải khát Sài Gòn,178,HSX
Consumer Goods,RAL,Công ty Cổ phần Bóng đèn Phích nước Rạng Đông,228.5,HSX
Consumer Goods,NKD,Công ty Cổ phần Chế biến Thực phẩm Kinh Đô Miền Bắc,41.2,HSX
Consumer Goods,MSH,Công ty cổ phần May Sông Hồng,51,HSX
Consumer Goods,LIX,Công ty Cổ phần Bột giặt Lix,62.5,HSX
Consumer Goods,KMR,Công ty Cổ phần Mirae,2.96,HSX
Consumer Goods,KDC,Công ty Cổ phần Tập đoàn Kido,51,HSX
Consumer Goods,GTN,Công ty cổ phần GTNfoods,26,HSX
Consumer Goods,GTA,Công ty Cổ phần Chế biến Gỗ Thuận An,14.5,HSX
Consumer Goods,GMC,Công ty Cổ phần Garmex Sài Gòn,37.5,HSX
Consumer Goods,GIL,Công ty Cổ phần Sản xuất Kinh doanh Xuất nhập khẩu Bình Thạnh,71.1,HSX
Consumer Goods,GDT,Công ty Cổ phần Chế biến Gỗ Đức Thành,42.3,HSX
Consumer Goods,FTM,Công ty Cổ phần Đầu tư và Phát triển Đức Quân,1.97,HSX
Consumer Goods,EVE,Công ty cổ phần Everpia,13.8,HSX
Consumer Goods,DQC,Công ty Cổ phần Bóng đèn Điện Quang,22.7,HSX
Consumer Goods,BHN,Tổng CTCP Bia - Rượu - Nước giải khát Hà Nội,71.4,HSX
Consumer Goods,BBC,Công ty Cổ phần Bibica,71.6,HSX
Consumer Goods,ADS,Công ty cổ phần Damsan,18.9,HSX
Consumer Goods,AAT,Công ty Cổ phần Tiên Sơn Thanh Hóa,,HSX
Energy,VTO,Công ty Cổ phần Vận tải Xăng dầu VITACO,9.57,HSX
Energy,VSH,Công ty Cổ phần Thủy điện Vĩnh Sơn - Sông Hinh,19.1,HSX
Energy,VPD,Công ty cổ phần Phát triển Điện lực Việt Nam,14.8,HSX
Energy,VIP,Công ty Cổ phần Vận tải Xăng dầu VIPCO,10.15,HSX
Energy,TTE,Công ty Cổ phần Đầu tư Năng lượng Trường Thịnh,11.55,HSX
Energy,TTA,Công ty Cổ phần Đầu tư Xây dựng và Phát triển Trường Thành,15.45,HSX
Energy,TMP,Công ty cổ phần Thủy điện Thác Mơ,40,HSX
Energy,TIC,Công ty Cổ phần Đầu tư Điện Tây Nguyên,13.6,HSX
Energy,TDG,Công ty Cổ phần Dầu khí Thái Dương,3.59,HSX
Energy,TBC,Công ty cổ phần Thủy điện Thác Bà,25,HSX
Energy,SJD,Công ty Cổ phần Thủy điện Cần Đơn,17.35,HSX
Energy,SHP,Công ty cổ phần Thủy điện Miền Nam,22.5,HSX
Energy,SFC,Công ty Cổ phần Nhiên liệu Sài Gòn,24.5,HSX
Energy,SBA,Công ty Cổ phần Sông Ba,16.1,HSX
Energy,S4A,Công ty Cổ phần Thủy điện Sê San 4A,27.2,HSX
Energy,PVT,Tổng công ty Cổ phần Vận tải Dầu khí,18.05,HSX
Energy,PVD,Tổng Công ty Cổ phần Khoan và Dịch vụ Khoan Dầu khí,24,HSX
Energy,PPC,Công ty Cổ phần Nhiệt điện Phả Lại,25.8,HSX
Energy,POW,Tổng Công ty Điện lực Dầu khí Việt Nam - CTCP,13.75,HSX
Energy,PMG,Công ty Cổ phần Đầu tư và Sản xuất Petro Miền Trung,26,HSX
Energy,PLX,Tập đoàn Xăng dầu Việt Nam,55.6,HSX
Energy,PGD,Công ty Cổ phần Phân phối Khí thấp áp Dầu khí Việt Nam,30.8,HSX
Energy,PGC,Tổng Công ty Gas Petrolimex-CTCP,19.05,HSX
Energy,NT2,Công ty Cổ phần Điện lực Dầu khí Nhơn Trạch 2,23.2,HSX
Energy,KHP,Công ty Cổ phần Điện lực Khánh Hòa,7.5,HSX
Energy,GEG,Công ty cổ phần Điện Gia Lai,18.8,HSX
Energy,GAS,Tổng Công ty Khí Việt Nam-CTCP,91.1,HSX
Energy,DRL,Công ty Cổ phần Thủy điện – Điện lực 3,57,HSX
Energy,COM,Công ty Cổ phần Vật tư - Xăng dầu,45,HSX
Energy,CNG,Công ty cổ phần CNG Việt Nam,26.2,HSX
Energy,CMV,Công ty Cổ phần Thương nghiệp Cà Mau,15.3,HSX
Energy,CHP,Công ty Cổ phần Thủy điện miền Trung,18.7,HSX
Energy,BTP,Công ty Cổ phần Nhiệt điện Bà Rịa,14.8,HSX
Energy,ASP,Công ty Cổ phần Tập đoàn Dầu khí An Pha,7.65,HSX
Finance,VPB,Ngân hàng Thương mại Cổ phần Việt Nam Thịnh Vượng,44.5,HSX
Finance,VND,Công ty cổ phần Chứng khoán VNDIRECT,29.4,HSX
Finance,VIX,Công ty cổ phần Chứng khoán VIX,38.75,HSX
Finance,VIB,Ngân hàng Thương mại cổ phần Quốc tế Việt Nam,43.45,HSX
Finance,VFMVN30,Quỹ ETF VFMVN30,,HSX
Finance,VFMVFA,Quỹ Đầu tư Năng động Việt Nam,2.01,HSX
Finance,VFMVF4,Quỹ đầu tư Doanh nghiệp Hàng đầu Việt Nam,2.01,HSX
Finance,VFMVF1,Quỹ Đầu tư Chứng khoán Việt Nam,2.01,HSX
Finance,VDS,Công ty Cổ phần Chứng khoán Rồng Việt,14.4,HSX
Finance,VCI,Công ty cổ phần Chứng khoán Bản Việt,58.8,HSX
Finance,VCB,Ngân hàng Thương mại cổ phần Ngoại thương Việt Nam,95.8,HSX
Finance,TVS,Công ty Cổ phần Chứng khoán Thiên Việt,18.65,HSX
Finance,TVB,Công ty cổ phần Chứng khoán Trí Việt,12.8,HSX
Finance,TPB,Ngân hàng Thương mại cổ phần Tiên Phong,28.6,HSX
Finance,TCB,Ngân hàng TMCP Kỹ Thương Việt Nam (Techcombank),40.05,HSX
Finance,STB,Ngân hàng Thương mại Cổ phần Sài Gòn Thương Tín,19.2,HSX
Finance,SSI,Công ty cổ phần Chứng khoán SSI,33.5,HSX
Finance,PVF,Tổng Công ty Tài chính Cổ phần Dầu khí Việt Nam,2.01,HSX
Finance,PRUBF1,Quỹ Đầu tư Cân bằng Prudential,2.01,HSX
Finance,PGI,Tổng Công ty cổ phần Bảo hiểm Petrolimex,20.5,HSX
Finance,OCB,Ngân hàng Thương mại cổ phần Phương Đông,24.7,HSX
Finance,MSN,Công ty Cổ phần Tập đoàn MaSan,87.3,HSX
Finance,MSB,Ngân hàng Thương mại cổ phần Hàng hải Việt Nam,20.8,HSX
Finance,MIG,Tổng Công ty cổ phần Bảo hiểm Quân đội,17.9,HSX
Finance,MBB,Ngân hàng Thương mại Cổ phần Quân đội,28.25,HSX
Finance,MAFPF1,Quỹ đầu tư tăng trưởng Manulife,2.01,HSX
Finance,LPB,Ngân hàng TMCP Bưu điện Liên Việt,16.5,HSX
Finance,HDB,Ngân hàng TMCP Phát triển T.P Hồ Chí Minh,26.65,HSX
Finance,HCM,Công ty Cổ phần Chứng khoán Thành phố Hồ Chí Minh,32.5,HSX
Finance,HAG,Công ty Cổ phần Hoàng Anh Gia Lai,5.06,HSX
Finance,FUEVN100,Quỹ ETF VINACAPITAL VN100,15.39,HSX
Finance,FUESSVFL,Quỹ ETF SSIAM VNFIN LEAD,15.93,HSX
Finance,FUESSV30,Quỹ ETF SSIAM VN30,14.84,HSX
Finance,FUCTVGF2,Quỹ Đầu tư tăng trưởng Thiên Việt 2,14,HSX
Finance,FTS,Công ty Cổ phần Chứng khoán FPT,18.15,HSX
Finance,FIT,Công ty cổ phần Tập đoàn F.I.T,10.95,HSX
Finance,EIB,Ngân hàng Thương mại Cổ phần Xuất nhập khẩu Việt Nam,18.4,HSX
Finance,E1VFVN30,Quỹ ETF VFMVN30,19.92,HSX
Finance,CTS,Công ty cổ phần Chứng khoán Ngân hàng Công thương Việt Nam,16.8,HSX
Finance,CTG,Ngân hàng Thương mại Cổ phần Công thương Việt Nam,37.95,HSX
Finance,BVH,Tập đoàn Bảo Việt,60.5,HSX
Finance,BSI,Công ty cổ phần Chứng khoán Ngân hàng Đầu tư và Phát triển Việt Nam,15,HSX
Finance,BMI,Tổng Công ty Cổ phần Bảo Minh,27.4,HSX
Finance,BID,Ngân hàng Thương mại cổ phần Đầu tư và Phát triển Việt Nam,43.35,HSX
Finance,BIC,Tổng Công ty Cổ phần Bảo hiểm Ngân hàng Đầu tư và phát triển Việt Nam,22.65,HSX
Finance,BCG,Công ty cổ phần Bamboo Capital,14.95,HSX
Finance,ASIAGF,Quỹ đầu tư tăng trưởng ACB,10.8,HSX
Finance,APG,Công ty Cổ phần Chứng khoán APG,9.86,HSX
Finance,AGR,Công ty Cổ phần Chứng khoán Agribank,12.8,HSX
Finance,ACB,Ngân hàng Thương mại Cổ phần Á Châu,32.95,HSX
Healthcare,VMD,Công ty cổ phần Y Dược phẩm Vimedimex,25,HSX
Healthcare,VDP,Công ty Cổ phần Dược phẩm Trung ương VIDIPHA,32.4,HSX
Healthcare,TRA,Công ty Cổ phần TRAPHACO,69.5,HSX
Healthcare,TNH,Công ty Cổ phần Bệnh viện Quốc tế Thái Nguyên,28.1,HSX
Healthcare,SPM,Công ty Cổ phần S.P.M,13.1,HSX
Healthcare,PME,Công ty Cổ phần Pymepharco,79,HSX
Healthcare,OPC,Công ty cổ phần Dược phẩm OPC,62.1,HSX
Healthcare,JVC,Công ty cổ phần Thiết bị Y tế Việt Nhật,5.17,HSX
Healthcare,IMP,Công ty Cổ phần Dược phẩm IMEXPHARM,69.5,HSX
Healthcare,DVD,Công ty Cổ phần Dược phẩm Viễn Đông,3.5,HSX
Healthcare,DMC,Công ty Cổ phần Xuất nhập khẩu Y tế Domesco,55.2,HSX
Healthcare,DHG,Công ty Cổ phần Dược Hậu Giang,101.5,HSX
Healthcare,DCL,Công ty Cổ phần Dược phẩm Cửu Long,27.9,HSX
Healthcare,DBT,Công ty Cổ phần Dược phẩm Bến Tre,12.7,HSX
Healthcare,DBD,Công ty Cổ phần Dược - Trang thiết bị Y tế Bình Định,49.6,HSX
Industrials,VSC,Công ty cổ phần Tập đoàn Container Việt Nam,59,HSX
Industrials,VOS,Công ty Cổ phần Vận tải biển Việt Nam,3.86,HSX
Industrials,VNS,Công ty Cổ phần Ánh Dương Việt Nam,10.05,HSX
Industrials,VNL,Công ty cổ phần Logistics Vinalink,19,HSX
Industrials,VJC,Công ty cổ phần Hàng không VietJet,135,HSX
Industrials,TYA,Công ty Cổ phần Dây và Cáp điện Taya Việt Nam,16.2,HSX
Industrials,TMT,Công ty Cổ phần Ô tô TMT,7.9,HSX
Industrials,TMS,Công ty Cổ phần Transimex,42,HSX
Industrials,TCO,Công ty Cổ phần Vận tải Đa phương thức Duyên Hải,11.75,HSX
Industrials,TCL,Công ty Cổ phần Đại lý Giao nhận Vận tải Xếp dỡ Tân Cảng,30.9,HSX
Industrials,STG,Công ty Cổ phần Kho vận Miền Nam,15.9,HSX
Industrials,SRF,Công ty Cổ phần Kỹ Nghệ Lạnh,13.25,HSX
Industrials,SRC,Công ty Cổ phần Cao Su Sao Vàng,21.75,HSX
Industrials,SKG,Công ty Cổ phần Tàu cao tốc Superdong – Kiên Giang,12.15,HSX
Industrials,SFI,Công ty Cổ phần Đại lý Vận tải SAFI,39.6,HSX
Industrials,SBC,Công ty Cổ phần Vận tải và Giao nhận bia Sài Gòn,2.01,HSX
Industrials,PTC,Công ty Cổ phần Đầu tư và Xây dựng Bưu điện,9.8,HSX
Industrials,PJT,Công ty Cổ phần Vận tải Xăng dầu Đường thủy Petrolimex,12.3,HSX
Industrials,PDN,Công ty Cổ phần Cảng Đồng Nai,85,HSX
Industrials,PAC,Công ty Cổ phần Pin Ắc quy Miền Nam,33.55,HSX
Industrials,NCT,Công ty Cổ phần Dịch vụ Hàng hóa Nội Bài,74.2,HSX
Industrials,MHC,Công ty Cổ phần MHC,8.06,HSX
Industrials,LGC,Công ty Cổ phần Đầu tư Cầu đường CII,67,HSX
Industrials,ILB,Công ty Cổ phần ICD Tân Cảng – Long Bình,27.5,HSX
Industrials,HVN,Tổng Công ty Hàng không Việt Nam - CTCP,30.45,HSX
Industrials,HTV,Công ty Cổ phần Logistics Vicem,14.6,HSX
Industrials,HTI,Công ty Cổ phần Đầu tư phát triển hạ tầng IDICO,17.85,HSX
Industrials,HHS,Công ty Cổ phần Đầu tư Dịch vụ Hoàng Huy,6.74,HSX
Industrials,HAH,Công ty Cổ phần Vận tải và Xếp dỡ Hải An,24.9,HSX
Industrials,GSP,Công ty cổ phần Vận tải Sản phẩm khí quốc tế,12.9,HSX
Industrials,GMD,Công ty Cổ phần Gemadept,32,HSX
Industrials,FCN,Công ty cổ phần FECON,14.7,HSX
Industrials,EMC,Công ty cổ phần Cơ điện Thủ Đức,18.3,HSX
Industrials,DVP,Công ty cổ phần Đầu tư và Phát triển Cảng Đình Vũ,46.9,HSX
Industrials,DRC,Công ty Cổ phần Cao su Đà Nẵng,27.8,HSX
Industrials,CTF,Công ty cổ phần City Auto,20.35,HSX
Industrials,CSM,Công ty Cổ phần Công nghiệp Cao su Miền Nam,19,HSX
Industrials,CSG,Công ty Cổ phần Cáp Sài Gòn,12.2,HSX
Industrials,CLL,Công ty cổ phần Cảng Cát Lái,31,HSX
Industrials,CII,Công ty cổ phần Đầu tư Hạ tầng Kỹ thuật T.P Hồ Chí Minh,23.75,HSX
Industrials,CAV,Công ty cổ phần Dây Cáp Điện Việt Nam,63.5,HSX
Industrials,AST,Công ty Cổ phần Dịch vụ Hàng không Taseco,62.7,HSX
Industrials,ASG,Cổ phiếu Công ty Cổ phần Tập đoàn ASG,36,HSX
Materials,YBM,Công ty Cổ phần Khoáng sản Công nghiệp Yên Bái,6.72,HSX
Materials,VIS,Công ty Cổ phần Thép Việt Ý,18.55,HSX
Materials,VID,Công ty Cổ phần Đầu tư Phát triển Thương mại Viễn Đông,9.62,HSX
Materials,TPC,Công ty Cổ phần Nhựa Tân Đại Hưng,11,HSX
Materials,TNT,Công ty Cổ phần Tài nguyên,4.27,HSX
Materials,TLH,Công ty Cổ phần Tập đoàn Thép Tiến Lên,11.2,HSX
Materials,TDP,Công ty cổ phần Thuận Đức,26.9,HSX
Materials,SVI,Công ty Cổ phần Bao bì Biên Hòa,85,HSX
Materials,SHA,Công ty Cổ phần Sơn Hà Sài Gòn,5.12,HSX
Materials,SBV,CTCP Siam Brothers Việt Nam,13.55,HSX
Materials,RDP,Công ty Cổ phần Rạng Đông Holding,12.2,HSX
Materials,PSH,CTCP Thương mại Đầu tư Dầu khí Nam Sông Hậu,20.15,HSX
Materials,POM,Công ty Cổ phần Thép Pomina,17.6,HSX
Materials,PLP,Công ty Cổ phần Sản xuất và Công nghệ Nhựa Pha Lê,11.25,HSX
Materials,PHT,Công ty Cổ phần Sản xuất và Thương mại Phúc Tiến,5.5,HSX
Materials,NKG,Công ty Cổ phần Thép Nam Kim,21.8,HSX
Materials,NHH,Công ty Cổ phần Nhựa Hà Nội,68.9,HSX
Materials,MCP,Công ty cổ phần In và Bao bì Mỹ Châu,27.5,HSX
Materials,LCM,Công ty Cổ phần Khai thác và Chế biến Khoáng sản Lào Cai,1.56,HSX
Materials,HSG,Công ty Cổ phần Tập đoàn Hoa Sen,28.2,HSX
Materials,HPG,Công ty cổ phần Tập đoàn Hòa Phát,46.45,HSX
Materials,HHP,Công ty cổ phần Giấy Hoàng Hà Hải Phòng,17.95,HSX
Materials,HCD,Công ty Cổ phần Đầu tư Sản xuất và Thương mại HCD,3.01,HSX
Materials,HAP,Công ty Cổ phần Tập đoàn Hapaco,10.95,HSX
Materials,FCM,Công ty cổ phần Khoáng sản FECON,7.1,HSX
Materials,DTT,Công ty Cổ phần Kỹ nghệ Đô Thành,14,HSX
Materials,DTL,Công ty Cổ phần Đại Thiên Lộc,12.8,HSX
Materials,DHC,Công ty Cổ phần Đông Hải Bến Tre,84,HSX
Materials,DGC,Công ty Cổ phần Tập đoàn Hóa chất Đức Giang,72.8,HSX
Materials,CSV,Công ty Cổ phần Hóa chất Cơ bản miền Nam,32.4,HSX
Materials,CLC,Công ty Cổ phần Cát Lợi,40.3,HSX
Materials,BRC,Công ty Cổ phần Cao su Bến Thành,12.35,HSX
Materials,BMC,Công ty cổ phần Khoáng sản Bình Định,18.8,HSX
Materials,BGM,Công ty Cổ phần Khai thác và Chế biến Khoáng sản Bắc Giang,0.92,HSX
Materials,ATG,Công ty Cổ phần An Trường An,0.61,HSX
Materials,APH,Công ty Cổ phần Tập đoàn An Phát Holdings,49.9,HSX
Materials,AAA,Công ty Cổ phần Nhựa An Phát Xanh,16.15,HSX
Real Estate and Construction,VRE,Công ty Cổ phần Vincom Retail,34.65,HSX
Real Estate and Construction,VRC,Công ty Cổ phần Bất động sản và Đầu tư VRC,10.7,HSX
Real Estate and Construction,VPL,Công ty TNHH Một thành viên Vinpearl,80.5,HSX
Real Estate and Construction,VPI,Công ty Cổ phần Đầu tư Văn Phú - Invest,35.45,HSX
Real Estate and Construction,VPH,Công ty Cổ phần Vạn Phát Hưng,5.6,HSX
Real Estate and Construction,VNE,Tổng công ty Cổ phần Xây dựng điện Việt Nam,6.37,HSX
Real Estate and Construction,VIC,Tập đoàn Vingroup - Công ty Cổ phần,105.9,HSX
Real Estate and Construction,VHM,Công ty cổ phần Vinhomes,99.9,HSX
Real Estate and Construction,VGC,Tổng Công ty Viglacera - CTCP,33.9,HSX
Real Estate and Construction,VCG,Tổng Công ty Cổ phần Xuất nhập khẩu và Xây dựng Việt Nam,47,HSX
Real Estate and Construction,UIC,Công ty Cổ phần Đầu tư Phát triển Nhà và Đô thị Idico,49.3,HSX
Real Estate and Construction,UDC,Công ty cổ phần Xây dựng và Phát triển Đô thị tỉnh Bà Rịa-Vũng Tàu,7.2,HSX
Real Estate and Construction,TV2,Công ty Cổ phần Tư vấn Xây dựng Điện 2,57,HSX
Real Estate and Construction,TTB,Công ty cổ phần Tập đoàn Tiến Bộ,6.9,HSX
Real Estate and Construction,TNI,Công ty cổ phần Tập đoàn Thành Nam,3.67,HSX
Real Estate and Construction,TN1,Công ty Cổ phần Thương mại Dịch vụ TNS Holdings,63,HSX
Real Estate and Construction,TLD,Công ty Cổ phần Đầu tư Xây dựng và Phát triển Đô thị Thăng Long,6.61,HSX
Real Estate and Construction,TIX,CTCP Sản xuất Kinh doanh Xuất nhập khẩu Dịch vụ và Đầu tư Tân Bình,29.5,HSX
Real Estate and Construction,TIP,Công ty cổ phần Phát triển Khu Công nghiệp Tín Nghĩa,55,HSX
Real Estate and Construction,THG,Công ty Cổ phần Đầu tư và Xây dựng Tiền Giang,75.3,HSX
Real Estate and Construction,TGG,Công ty Cổ phần Xây dựng và Đầu tư Trường Giang,1.95,HSX
Real Estate and Construction,TEG,Công ty cổ phần Năng lượng và Bất động sản Trường Thành,10.7,HSX
Real Estate and Construction,TDH,Công ty Cổ phần Phát triển Nhà Thủ Đức,7.45,HSX
Real Estate and Construction,TDC,Công ty Cổ phần Kinh doanh và Phát triển Bình Dương,23,HSX
Real Estate and Construction,TCR,Công ty Cổ phần Công nghiệp Gốm sứ Taicera,4.19,HSX
Real Estate and Construction,TCD,Công ty Cổ phần Đầu tư Phát triển Công nghiệp và Vận tải,15.4,HSX
Real Estate and Construction,SZL,Công ty cổ phần Sonadezi Long Thành,56,HSX
Real Estate and Construction,SZC,Công ty cổ phần Sonadezi Châu Đức,42.5,HSX
Real Estate and Construction,SMC,Công ty Cổ phần Ðầu tư Thương mại SMC,28,HSX
Real Estate and Construction,SJS,Công ty Cổ phần Đầu tư Phát triển Đô thị và Khu Công nghiệp Sông Đà,40,HSX
Real Estate and Construction,SII,Công ty cổ phần Hạ tầng nước Sài Gòn,17.5,HSX
Real Estate and Construction,SGR,Công ty cổ phần Địa ốc Sài Gòn,33.8,HSX
Real Estate and Construction,SCR,Công ty Cổ phần Địa ốc Sài Gòn Thương Tín,9.07,HSX
Real Estate and Construction,SC5,Công ty Cổ phần Xây dựng số 5,22,HSX
Real Estate and Construction,SAM,Công ty Cổ phần SAM Holdings,12.1,HSX
Real Estate and Construction,ROS,Công ty cổ phần Xây dựng FLC Faros,3.63,HSX
Real Estate and Construction,REE,Công ty Cổ phần Cơ điện lạnh,55.5,HSX
Real Estate and Construction,QCG,Công ty Cổ phần Quốc Cường Gia Lai,9.15,HSX
Real Estate and Construction,PXT,Công ty Cổ phần Xây lắp Đường ống Bể chứa Dầu khí,2.84,HSX
Real Estate and Construction,PXS,Công ty Cổ phần Kết cấu Kim loại và Lắp máy Dầu khí,7.69,HSX
Real Estate and Construction,PXI,Công ty Cổ phần Xây dựng công nghiệp và dân dụng Dầu khí,3.88,HSX
Real Estate and Construction,PTL,Công ty Cổ phần Đầu tư Hạ tầng và Đô thị Dầu khí,6.22,HSX
Real Estate and Construction,PHR,Công ty cổ phần Cao su Phước Hòa,62,HSX
Real Estate and Construction,PHC,Công ty cổ phần Xây dựng Phục Hưng Holdings,12.4,HSX
Real Estate and Construction,PDR,Công ty cổ phần Phát triển Bất động sản Phát Đạt,67.2,HSX
Real Estate and Construction,PC1,Công ty cổ phần Xây lắp điện 1,29.3,HSX
Real Estate and Construction,OGC,Công ty Cổ phần Tập đoàn Đại Dương,7.61,HSX
Real Estate and Construction,NVT,Công ty Cổ phần Bất động sản Du lịch Ninh Vân Bay,10,HSX
Real Estate and Construction,NVN,Công ty Cổ phần Nhà Việt Nam,1.4,HSX
Real Estate and Construction,NVL,Công ty cổ phần Tập đoàn Đầu tư Địa ốc No Va,82.2,HSX
Real Estate and Construction,NTL,Công ty Cổ phần Phát triển Đô thị Từ Liêm,27.85,HSX
Real Estate and Construction,NNC,Công ty Cổ phần Đá Núi Nhỏ,35.3,HSX
Real Estate and Construction,NLG,Công ty cổ phần Đầu tư Nam Long,36.1,HSX
Real Estate and Construction,NHA,Tổng Công ty Đầu tư Phát triển Nhà và Đô thị Nam Hà Nội,41.5,HSX
Real Estate and Construction,NBB,Công ty Cổ phần Đầu tư Năm Bảy Bảy,26.3,HSX
Real Estate and Construction,NAV,Công ty Cổ phần Nam Việt,20.2,HSX
Real Estate and Construction,MDG,Công ty Cổ phần miền Đông,11.7,HSX
Real Estate and Construction,MCV,Công ty Cổ phần Cavico Việt Nam Khai thác Mỏ và Xây dựng,3.6,HSX
Real Estate and Construction,MCG,Công ty Cổ phần Cơ điện và Xây dựng Việt Nam,3.01,HSX
Real Estate and Construction,LM8,Công ty Cổ phần Lilama 18,11.6,HSX
Real Estate and Construction,LHG,Công ty Cổ phần Long Hậu,36.7,HSX
Real Estate and Construction,LGL,Công ty cổ phần Đầu tư và Phát triển Đô thị Long Giang,6.3,HSX
Real Estate and Construction,LEC,Công ty Cổ phần Bất động sản Điện lực Miền Trung,13.65,HSX
Real Estate and Construction,LDG,Công ty Cổ phần Đầu tư LDG,7.71,HSX
Real Estate and Construction,LCG,Công ty cổ phần LICOGI 16,16.65,HSX
Real Estate and Construction,LBM,Công ty Cổ phần Khoáng sản và Vật liệu xây dựng Lâm Đồng,58.7,HSX
Real Estate and Construction,L10,Công ty cổ phần Lilama 10,18,HSX
Real Estate and Construction,KSB,Công ty Cổ phần Khoáng sản và Xây dựng Bình Dương,34.2,HSX
Real Estate and Construction,KPF,Công ty Cổ phần Đầu tư tài chính Hoàng Minh,12.1,HSX
Real Estate and Construction,KOS,Công ty Cổ phần Kosy,24.75,HSX
Real Estate and Construction,KDH,Công ty Cổ phần Đầu tư Kinh doanh nhà Khang Điền,31.15,HSX
Real Estate and Construction,KBC,Tổng Công ty Phát triển Đô thị Kinh Bắc-CTCP,39.8,HSX
Real Estate and Construction,ITC,Công ty Cổ phần Đầu tư - Kinh doanh nhà,17,HSX
Real Estate and Construction,ITA,Công ty Cổ phần Đầu tư và Công nghiệp Tân Tạo,6.92,HSX
Real Estate and Construction,IJC,Công ty Cổ phần Phát triển Hạ tầng Kỹ thuật,30.95,HSX
Real Estate and Construction,HVX,Công ty Cổ phần Xi măng Vicem Hải Vân,4.09,HSX
Real Estate and Construction,HVH,Công ty Cổ phần Đầu tư và Công nghệ HVC,10.25,HSX
Real Estate and Construction,HUB,Công ty cổ phần Xây lắp Thừa Thiên Huế,27,HSX
Real Estate and Construction,HU3,Công ty cổ phần Đầu tư và Xây dựng HUD3,8,HSX
Real Estate and Construction,HU1,Công ty Cổ phần Đầu tư và Xây dựng HUD1,10.65,HSX
Real Estate and Construction,HTN,Công ty Cổ phần Hưng Thịnh Incons,43.75,HSX
Real Estate and Construction,HT2,Công ty Cổ phần Xi măng Hà Tiên 2,14.5,HSX
Real Estate and Construction,HT1,Công ty Cổ phần Xi Măng Vicem Hà Tiên,18.6,HSX
Real Estate and Construction,HQC,Công ty cổ phần Tư vấn-Thương mại-Dịch vụ Địa ốc Hoàng Quân,3.08,HSX
Real Estate and Construction,HPX,Công ty cổ phần Đầu tư Hải Phát,36.65,HSX
Real Estate and Construction,HMC,Công ty Cổ phần Kim khí Thành phố Hồ Chí Minh - Vnsteel,17.85,HSX
Real Estate and Construction,HID,Công ty Cổ phần Halcom Việt Nam,4.1,HSX
Real Estate and Construction,HDG,Công ty Cổ phần Tập đoàn Hà Đô,47,HSX
Real Estate and Construction,HDC,Công ty Cổ phần Phát triển nhà Bà Rịa-Vũng Tàu,45.5,HSX
Real Estate and Construction,HBC,Công ty cổ phần Tập đoàn Xây dựng Hoà Bình,18.4,HSX
Real Estate and Construction,HAS,Công ty Cổ phần HACISCO,9.6,HSX
Real Estate and Construction,HAR,Công ty Cổ phần Đầu tư Thương mại Bất động sản An Dương Thảo Điền,5.42,HSX
Real Estate and Construction,GAB,Công ty Cổ phần Đầu tư khai khoáng và Quản lý tài sản FLC,196.4,HSX
Real Estate and Construction,FPC,Công ty Cổ phần Full Power,1.6,HSX
Real Estate and Construction,FLC,Công ty cổ phần Tập đoàn FLC,6.9,HSX
Real Estate and Construction,FIR,Công ty Cổ phần Địa ốc First Real,26.55,HSX
Real Estate and Construction,EVG,Công ty Cổ phần Đầu tư Everland,10.3,HSX
Real Estate and Construction,DXV,Công ty Cổ phần VICEM Vật liệu Xây dựng Đà Nẵng,4.55,HSX
Real Estate and Construction,DXG,Công ty Cổ phần Tập đoàn Đất Xanh,24,HSX
Real Estate and Construction,DTA,Công ty Cổ phần Đệ Tam,9.22,HSX
Real Estate and Construction,DRH,Công ty cổ phần DRH Holdings,11.3,HSX
Real Estate and Construction,DPG,Công ty Cổ phần Đạt Phương,31.4,HSX
Real Estate and Construction,DLG,Công ty Cổ phần Tập đoàn Đức Long Gia Lai,1.9,HSX
Real Estate and Construction,DIG,Tổng Công ty Cổ phần Đầu tư Phát triển Xây dựng,31.8,HSX
Real Estate and Construction,DHA,Công ty Cổ phần Hóa An,52.1,HSX
Real Estate and Construction,DCC,Công ty Cổ phần Xây dựng Công nghiệp DESCON,9.5,HSX
Real Estate and Construction,DC4,Công ty Cổ phần Xây dựng DIC Holdings,12.1,HSX
Real Estate and Construction,DAG,Công ty Cổ phần Tập đoàn Nhựa Đông Á,7.18,HSX
Real Estate and Construction,D2D,Công ty Cổ phần Phát triển Đô thị Công nghiệp Số 2,60.1,HSX
Real Estate and Construction,CVT,Công ty Cổ phần CMC,47,HSX
Real Estate and Construction,CTI,Công ty Cổ phần Đầu tư Phát triển Cường Thuận IDICO,16.8,HSX
Real Estate and Construction,CTD,Công ty Cổ phần Xây dựng Coteccons,77.8,HSX
Real Estate and Construction,CRE,Công ty Cổ phần Bất động sản Thế Kỷ,27,HSX
Real Estate and Construction,CRC,Công ty Cổ phần Create Capital Việt Nam,12.1,HSX
Real Estate and Construction,CLG,Công ty Cổ phần Đầu tư và Phát triển Nhà đất COTEC,0.77,HSX
Real Estate and Construction,CKG,CTCP Tập đoàn Tư vấn Đầu tư & Xây dựng Kiên Giang,15.55,HSX
Real Estate and Construction,CIG,Công ty Cổ phần COMA18,4.8,HSX
Real Estate and Construction,CEE,Công ty Cổ phần Xây dựng Hạ tầng CII,17.6,HSX
Real Estate and Construction,CDC,Công ty Cổ phần Chương Dương,16.1,HSX
Real Estate and Construction,CCL,Công ty cổ phần Đầu tư và Phát triển Đô thị Dầu khí Cửu Long,14.35,HSX
Real Estate and Construction,CCI,Công ty Cổ phần Đầu tư Phát triển Công nghiệp - Thương mại Củ Chi,15.5,HSX
Real Estate and Construction,C47,Công ty Cổ phần Xây dựng 47,13.65,HSX
Real Estate and Construction,C32,Công ty Cổ phần CIC39,28.9,HSX
Real Estate and Construction,BMP,Công ty Cổ phần Nhựa Bình Minh,62.2,HSX
Real Estate and Construction,BCM,Tổng Công ty Đầu tư và phát triển Công nghiệp - CTCP,57.7,HSX
Real Estate and Construction,BCI,Công ty Cổ phần Đầu tư Xây dựng Bình Chánh,41.9,HSX
Real Estate and Construction,BCE,Công ty Cổ phần Xây dựng và Giao thông Bình Dương,13.85,HSX
Real Estate and Construction,ASM,Công ty Cổ phần Tập đoàn Sao Mai,16.4,HSX
Real Estate and Construction,ALP,Công ty Cổ phần Đầu tư Alphanam,3.4,HSX
Real Estate and Construction,AGG,Công ty Cổ phần Đầu tư và Phát triển Bất động sản An Gia,39.05,HSX
Real Estate and Construction,ACC,Công ty Cổ phần Đầu tư và Xây dựng Bình Dương ACC,16,HSX
Service,YEG,Công ty Cổ phần Tập đoàn Yeah1,40,HSX
Service,VSI,Công ty Cổ phần Đầu tư và Xây dựng Cấp thoát nước,18.3,HSX
Service,VPG,Công ty Cổ phần Đầu tư Thương mại Xuất nhập khẩu Việt Phát,23.8,HSX
Service,VNG,Công ty Cổ phần Du lịch Thành Thành Công,14.2,HSX
Service,TNA,Công ty Cổ phần Thương mại Xuất nhập khẩu Thiên Nam,13.2,HSX
Service,TDW,Công ty Cổ phần Cấp nước Thủ Đức,37.8,HSX
Service,TDM,Công ty cổ phần Nước Thủ Dầu Một,29.9,HSX
Service,TCT,Công ty Cổ phần Cáp treo Núi Bà Tây Ninh,32.4,HSX
Service,TCH,Công ty cổ phần Đầu tư Dịch vụ Tài chính Hoàng Huy,22.65,HSX
Service,SVT,Công ty Cổ phần Công nghệ Sài Gòn Viễn Đông,14.1,HSX
Service,SVC,Công ty Cổ phần Dịch vụ tổng hợp Sài Gòn,71,HSX
Service,ST8,Công ty Cổ phần Siêu Thanh,11.1,HSX
Service,SMA,Công ty Cổ phần Thiết bị Phụ tùng Sài Gòn,8.54,HSX
Service,SGN,Công ty cổ phần Phục vụ Mặt đất Sài Gòn,70,HSX
Service,SCS,Công ty cổ phần Dịch vụ Hàng hóa Sài Gòn,134.7,HSX
Service,RIC,Công ty Cổ phần Quốc tế Hoàng Gia,29.95,HSX
Service,PTB,Công ty Cổ phần Phú Tài,80,HSX
Service,PNJ,Công ty Cổ phần Vàng bạc Đá quý Phú Nhuận,83.6,HSX
Service,PNC,Công ty Cổ phần Văn hóa Phương Nam,9.35,HSX
Service,PIT,Công ty Cổ phần Xuất nhập khẩu Petrolimex,6.7,HSX
Service,PET,Tổng Công ty Cổ phần Dịch vụ Tổng hợp Dầu khí,22.2,HSX
Service,IBC,Công ty Cổ phần Đầu tư Apax Holdings,23,HSX
Service,HTL,Công ty Cổ phần Kỹ thuật và Ô tô Trường Long,17.8,HSX
Service,HOT,Công ty cổ phần Du lịch - Dịch vụ Hội An,26.9,HSX
Service,HAX,Công ty Cổ phần Dịch vụ Ô tô Hàng Xanh,22.5,HSX
Service,FDC,Công ty Cổ phần Ngoại thương và Phát triển Đầu tư Thành phố Hồ Chí Minh,12,HSX
Service,DSN,Công ty Cổ phần Công viên nước Đầm Sen,48,HSX
Service,DHM,Công ty cổ phần Thương mại và khai thác khoáng sản Dương Hiếu,10.15,HSX
Service,DAH,Công ty cổ phần Tập đoàn Khách sạn Đông Á,5.36,HSX
Service,CLW,Công ty Cổ phần Cấp nước Chợ Lớn,21,HSX
Service,BWE,Công ty Cổ phần Nước – Môi trường Bình Dương,32.9,HSX
Service,BTT,Công ty Cổ phần Thương mại - Dịch vụ Bến Thành,51,HSX
Service,BKG,Công ty Cổ phần Đầu tư BKG Việt Nam,11.35,HSX
Service,ADG,Công ty cổ phần Clever Group,60.2,HSX
Technology,THI,Công ty Cổ phần Thiết Bị Điện,27.8,HSX
Technology,SGT,Công ty Cổ phần Công nghệ Viễn thông Sài Gòn,15.5,HSX
Technology,NHW,Công ty Cổ phần Ngô Han,10.8,HSX
Technology,MWG,Công ty cổ phần Đầu tư Thế giới Di động,131.1,HSX
Technology,ITD,Công ty Cổ phần Công nghệ Tiên Phong,12.35,HSX
Technology,GEX,Tổng Công ty cổ phần Thiết bị điện Việt Nam,22.7,HSX
Technology,FRT,Công ty cổ phần Bán lẻ Kỹ thuật số FPT,28.9,HSX
Technology,FPT,Công ty Cổ phần FPT,76.5,HSX
Technology,ELC,Công ty Cổ phần Đầu tư Phát triển Công nghệ Điện tử Viễn thông,11.75,HSX
Technology,DGW,Công ty cổ phần Thế giới số,116.4,HSX
Technology,CMG,Công ty Cổ phần Tập đoàn Công nghệ CMC,35.8,HSX
Technology,AMD,Công ty cổ phần Đầu tư và Khoáng sản FLC Stone,3.26,HSX